{
    "images/kozia.jpg": [
        117.60184971739835,
        122.84449545788296,
        134.12395305056094,
        0.0
    ],
    "images/centrum_watermarked.jpg": [
        166.0815987218746,
        144.60303448275863,
        131.84038556783386,
        0.0
    ],
    "images/kozia_watermark.jpg": [
        120.8583427249287,
        125.83752433276983,
        136.9690760377713,
        0.0
    ],
    "images/centrum.jpg": [
        168.94819544667823,
        147.10906244175212,
        134.0451018506191,
        0.0
    ]
}